{"MountainCar-v0-m4": {"runs": [[-119.99, false], [-120.81, false], [-120.9, false]], "score": [-120.56666666666668, false]}, "MountainCar-v0-m5": {"runs": [[-110.77, false], [-109.34, true], [-109.32, true]], "score": [-109.81, true]}, "MountainCar-v0-m9": {"runs": [[-119.35, false], [-113.04, false], [-115.85, false]], "score": [-116.08, false]}, "MountainCar-v0-m8": {"runs": [[-126.61, false], [-123.84, false], [-122.99, false]], "score": [-124.48, false]}, "MountainCar-v0-m3": {"runs": [[-112.66, false], [-108.73, true], [-111.27, false]], "score": [-110.88666666666666, false]}, "MountainCar-v0-m2": {"runs": [[-112.93, false], [-115.7, false], [-111.22, false]], "score": [-113.28333333333335, false]}, "MountainCar-v0-m7": {"runs": [[-129.26, false], [-127.88, false], [-129.48, false]], "score": [-128.87333333333333, false]}, "MountainCar-v0-m6": {"runs": [[-123.09, false], [-121.17, false], [-120.32, false]], "score": [-121.52666666666666, false]}, "MountainCar-v0-m11": {"runs": [[-136.87, false], [-144.23, false], [-149.36, false]], "score": [-143.48666666666668, false]}, "MountainCar-v0-m10": {"runs": [[-104.73, true], [-102.85, true], [-102.43, true]], "score": [-103.33666666666666, true]}, "MountainCar-v0-m0": {"runs": [[-139.71, false], [-136.21, false], [-145.03, false]], "score": [-140.3166666666667, false]}, "MountainCar-v0-m1": {"runs": [[-99.75, true], [-103.36, true], [-101.54, true]], "score": [-101.55000000000001, true]}}