{"CartPole-v0-m7": {"runs": [[200.0, true], [199.97, true], [199.91, true]], "score": [199.96, true]}, "CartPole-v0-m6": {"runs": [[188.32, false], [188.69, false], [189.01, false]], "score": [188.67333333333332, false]}, "CartPole-v0-m10": {"runs": [[200.0, true], [200.0, true], [200.0, true]], "score": [200.0, true]}, "CartPole-v0-m11": {"runs": [[199.56, true], [199.18, true], [199.03, true]], "score": [199.25666666666666, true]}, "CartPole-v0-m0": {"runs": [[121.86, false], [121.44, false], [123.65, false]], "score": [122.31666666666668, false]}, "CartPole-v0-m1": {"runs": [[200.0, true], [200.0, true], [200.0, true]], "score": [200.0, true]}, "CartPole-v0-m4": {"runs": [[200.0, true], [200.0, true], [200.0, true]], "score": [200.0, true]}, "CartPole-v0-m5": {"runs": [[184.72, false], [185.08, false], [185.22, false]], "score": [185.00666666666666, false]}, "CartPole-v0-m3": {"runs": [[199.96, true], [200.0, true], [199.98, true]], "score": [199.98000000000002, true]}, "CartPole-v0-m2": {"runs": [[200.0, true], [200.0, true], [200.0, true]], "score": [200.0, true]}, "CartPole-v0-m9": {"runs": [[177.78, false], [178.39, false], [178.36, false]], "score": [178.17666666666665, false]}, "CartPole-v0-m8": {"runs": [[105.59, false], [102.78, false], [104.47, false]], "score": [104.28000000000002, false]}}