{"LunarLander-v2-m4": {"runs": [[162.27433915258126, false], [169.54929834231854, false], [172.88245420745682, false]], "score": [168.23536390078553, false]}, "LunarLander-v2-m5": {"runs": [[199.36507229285252, false], [167.03353407344756, false], [187.66550590528522, false]], "score": [184.6880374238618, false]}, "LunarLander-v2-m11": {"runs": [[203.56428680986036, true], [209.3793306085564, true], [211.3838671456021, true]], "score": [208.10916152133962, true]}, "LunarLander-v2-m10": {"runs": [[206.82639089703133, true], [203.49576233174884, true], [201.7489584201804, true]], "score": [204.02370388298687, true]}, "LunarLander-v2-m3": {"runs": [[201.32680161968582, true], [200.89491658242176, true], [201.75535335796593, true]], "score": [201.3256905200245, true]}, "LunarLander-v2-m2": {"runs": [[222.70629355303586, true], [222.52560352468836, true], [217.5981027747084, true]], "score": [220.9433332841442, true]}, "LunarLander-v2-m9": {"runs": [[162.9025268396903, false], [171.82347729174916, false], [170.91708334915373, false]], "score": [168.54769582686438, false]}, "LunarLander-v2-m8": {"runs": [[154.61808489428483, false], [153.8557328877554, false], [144.72625489972307, false]], "score": [151.0666908939211, false]}, "LunarLander-v2-m7": {"runs": [[194.67755000121252, false], [200.9988033969578, true], [191.2549011098376, false]], "score": [195.6437515026693, false]}, "LunarLander-v2-m6": {"runs": [[195.87382617036346, false], [206.74354216732397, true], [221.39617040666272, true]], "score": [208.0045129147834, true]}, "LunarLander-v2-m0": {"runs": [[32.63608551448337, false], [-7.414796271089861, false], [19.75771046969594, false]], "score": [14.99299990436315, false]}, "LunarLander-v2-m1": {"runs": [[126.11845968473455, false], [112.33741172096397, false], [156.41601032235073, false]], "score": [131.62396057601643, false]}}